<?xml version="1.0" encoding="UTF-8" standalone="no" ?>
<travellingSalesmanProblemInstance>

  <name>shtal5</name>

  <source>Sorasit Wanichpan</source>

  <description>5-shtal</description>

  <doublePrecision>15</doublePrecision>

  <ignoredDigits>5</ignoredDigits>

  <graph>
    <vertex>
      <edge cost="5.000000000000000e+00">1</edge>
      <edge cost="1.000000000000000e+00">9</edge>
    </vertex>
    <vertex>
      <edge cost="5.000000000000000e+00">0</edge>
      <edge cost="4.000000000000000e+00">2</edge>
	  <edge cost="1.000000000000000e+00">7</edge>
    </vertex>
    <vertex>
      <edge cost="6.000000000000000e+00">3</edge>
      <edge cost="4.000000000000000e+00">1</edge>
      <edge cost="3.000000000000000e+00">6</edge>
    </vertex>
    <vertex>
      <edge cost="6.000000000000000e+00">2</edge>
      <edge cost="4.000000000000000e+00">4</edge>
      <edge cost="3.000000000000000e+00">6</edge>
    </vertex>
	<vertex>
      <edge cost="4.000000000000000e+00">3</edge>
      <edge cost="3.000000000000000e+00">5</edge>
    </vertex>
	<vertex>
      <edge cost="3.000000000000000e+00">4</edge>
      <edge cost="6.000000000000000e+00">6</edge>
    </vertex>
	<vertex>
      <edge cost="3.000000000000000e+00">2</edge>
      <edge cost="3.000000000000000e+00">3</edge>
      <edge cost="6.000000000000000e+00">5</edge>
	  <edge cost="2.000000000000000e+00">7</edge>
    </vertex>
	<vertex>
      <edge cost="1.000000000000000e+00">1</edge>
      <edge cost="2.000000000000000e+00">6</edge>
      <edge cost="8.000000000000000e+00">8</edge>
    </vertex>
	<vertex>
      <edge cost="8.000000000000000e+00">7</edge>
      <edge cost="2.000000000000000e+00">9</edge>
    </vertex>
	<vertex>
      <edge cost="5.000000000000000e+00">0</edge>
      <edge cost="1.000000000000000e+00">9</edge>
    </vertex>
  </graph>

</travellingSalesmanProblemInstance>
